0.5890035880436196, -0.16382038733988444
1.4222593274849282, -0.09155980852369945
1.8541236047692045, -0.049533600479768916
2.2000603621839856, -0.026275981766474076
2.4980131359691105, -0.016943964129479773
2.7640028141871116, -0.0148739292589596
3.006683822766043, -0.018254020846242915
3.2313809978299615, -0.02274569002543346
3.4416530400052845, -0.026462137033526265
3.6400198835613513, -0.03138854770404616
3.828344176159201, -0.03502716628786127
4.0080492413020465, -0.03678033846589606
4.180251938922179, -0.03768796870057812
4.345847874361002, -0.03686533864508672
4.505568338423673, -0.035892693613872956
4.660019671223749, -0.03276675224508672
4.80971126386294, -0.029235239828901787
4.955075969339546, -0.025483945891329362
5.096485297307347, -0.02110518050982654
5.2342609358173515, -0.016962771526011618
5.368683630744118, -0.012746369206936607
5.500000128118743, -0.009275459042774908
5.628428672293342, -0.004526157028901884
5.754163411088738, -0.0013167442092485537
5.877377962387008, 0.0015120781375722362
5.9982283294279695, 0.0038380855861271136
6.116855304554818, 0.006334786224277734
6.233386467034501, 0.008227095178034292
6.3479378557266, 0.010137464470520892
6.460615379036519, 0.01176055282890148
6.571516010893806, 0.012064179618496908
6.680728811155536, 0.013158591033525612
6.78833580094607, 0.013792200465895977
6.894412717368776, 0.013538841724855269
6.999029667304537, 0.013371017929479909
7.102251696313296, 0.012790251731791677
7.2041392857345175, 0.013216792893641372
7.30474878875994, 0.012364344559537447
7.404132814392131, 0.011246851077456547
7.502340566703521, 0.010607393249710871
7.599418145595093, 0.010088533626589524
7.69540881426296, 0.009672297247398823
7.790353237768226, 0.008931968156069198
7.884289696435895, 0.007558713810404639
7.97725427725381, 0.00725103156416169
8.069281045981127, 0.006453008265895864
8.160402202290076, 0.0053107182335258175
8.250648219941072, 0.0054716673664737545
8.340047973718443, 0.005086604353756871
8.42862885462333, 0.003847952517918903
8.516416874624442, 0.0028572471479768385
8.603436762100428, 0.0026535766924853975
8.689712048965038, 0.0022149308867051324
8.775265150343813, 0.0021318096011560496
8.86011743756591, 0.0021340005861267895
8.9442893051438, 0.0015501803930634904
9.027800232335013, 0.0010246993572253069
9.110668839811982, 0.0005227774670521391
9.192912941906688, 0.0009285584982658854
9.274549594845123, 0.0002922769641617797
9.355595141341373, 0.000922989312138498
9.43606525188145, 0.00025517732369923293
9.515974962992264, -9.680977687853488e-5
9.595338712760427, 0.00010217873179189493
9.6741703738386, 0.00010457220115590541
9.752483284153124, -0.000614558908670627
9.830290275505625, -0.0006612180046243599
9.907603700242381, -0.0006199019583815958
9.984435456148587, -0.0001770835895952272
10.060797009709807, -0.0008210295329480975
10.136699417869595, -0.0009752943734106963
10.212153348400339, -0.0008389306531791787
10.287169098993896, -0.0006004109606938006
10.361756615168954, -0.0009523086450867007
10.435925507083475, -0.0009143304184972328
10.509685065333006, -0.0006259366855492608
10.583044275808586, -0.0005635057283236475
10.656011833681736, -0.0008629397641618778
10.728596156578469, -0.0009974932393061792
10.800805396998973, -0.0007207074578034399
10.872647454035192, -0.0011788402231213205
10.944129984434122, -0.0010665525317918305
11.01526041305097, -0.0008373309687860452
11.086045942732826, -0.0013412644346822195
11.156493563670265, -0.0008365666046244264
11.226610062251542, -0.0011984477502891846
11.296402029451276, -0.0015514570797689501
11.365875868783274, -0.001444968172254481
11.435037803844793, -0.0013712003965317768
11.503893885477675, -0.0010454047387282507
11.57244999856984, -0.0008509424196533433
11.640711868519013, -0.0011122315109824597
11.708685067378916, -0.00027178225202325603
11.776375019706906, -0.0006826882728323646
11.843787008130485, -0.0009123096127169018
11.910926178649127, -0.000938515477456709
11.977797545686624, -0.00030017679421968186
12.044405996908175, -0.0010580349190752875
12.110756297815477, -0.0013123593549134703
12.176853096132248, -0.0008139258497111689
12.24270092599169, -0.0007147754150289216
12.308304211936816, -0.0010649834219654355
12.37366727274375, -0.0013928569965320082
12.43879432507745, -0.0012562786774566147
12.503689486988865, -0.0005712134034681409
12.56835678126177, -0.001076132178034757
12.632800138617187, -0.0007039589410404443
12.697023400782735, 0.0004068415953755982
12.76103032343379, -0.0003409424982659307
12.824824579013011, -0.0009086856612717066
12.88840975943431, -0.00042377246011584115
12.951789378677033, -0.0004683703687863432
13.014966875275764, -0.0010071559560695424
13.077945614710886, -0.00035615536416190504
13.140728891704686, -2.671614104034494e-5
13.203319932427558, 0.00021163452601139477
13.26572189661859, 1.2795428901764589e-5
13.327937879624594, -0.0004334790196532538
13.389970914361385, 0.00024317594104038905
13.451823973200945, -5.70218381516412e-6
13.513499969787842, 0.00019321306127163533
13.575001760788235, 0.0004410568427745209
13.636332147574418, 0.00010582575838159501
13.697493877847858, -7.010548901746124e-5
13.758489647203493, 0.0005809412531792503
13.81932210063784, 0.0003727913352600691
13.87999383400341, -0.0004499079456647183
13.940507395411785, -4.7966618497329634e-5
14.000865286587556, 0.0007635960208091933
14.06106996417525, -1.6685952601285458e-5
14.121123841001223, 6.413993294785184e-5
14.181029287292484, -7.161633410398329e-5
14.240788631854162, 0.0007349522670519086
14.300404163207459, -3.3029017358035195e-7
14.359878130689632, 0.000338644159537697
14.41921274551759, 0.0002424023468208006
14.478410181816628, -2.3492543352673613e-5
14.53747257761566, 0.0003118810300575908
14.596402035810327, 0.00044620433063574487
14.655200625095267, 0.00033442948439302246
14.713870380866743, -0.00019943705895955727
14.772413306096846, 0.00022207775953774292
14.830831372180347, -0.0004099954450868287
14.889126519755248, 0.0003421054312139426
14.947300659498126, -0.0006613604936417629
15.00535567289515, -9.307098266099277e-6
15.063293412989752, -0.0007096036982658417
15.121115705107812, -0.00020866653988460123
15.178824347561232, 0.00015026387167623478
15.236421112330687, -0.0004985220832369983
15.293907745728315, -0.0003631529017343435
15.351285969041147, -5.009414682085867e-5
15.4085574791559, 0.00012146609132932678
15.4657239491659, 7.581653294776235e-5
15.522787028960732, -2.380516763234222e-6
15.579748345799235, 4.560309248556809e-5
15.63660950486651, -0.00018198359653171555
15.693372089815409, -0.0002722685606935944
15.750037663293163, -0.00047305058497103725
15.806607767453594, 0.00037578937341041665
15.863083924455463, 0.00038227118150293594
15.91946763694741, 0.0001694197028902276
15.975760388540008, 0.00017006061502876794
16.031963644265286, 0.0008455848936414145
16.08807885102425, 0.0001560066982656326
16.14410743802275, 0.00026486369248567964
16.200050817196118, 0.00045046573294807245
16.255910383622965, 7.319697109941194e-6
16.311687515928455, 0.00026330265895951595
16.367383576677522, 3.952856069351769e-5
16.422999912758197, 0.000589183117918957
16.47853785575556, 0.0001681494161847865
16.533998722316507, 0.0008294276774565415
16.589383814505666, 0.0002115197271674492
16.644694420152785, 0.00012726256762990326
16.69993181319183, 0.00016197104624269003
16.755097253992098, 0.00029664451213866187
16.8101919896816, 8.302116994229487e-5
16.86521725446293, 0.0003484655179189907
16.92017426992197, 6.0753655491295424e-5
16.975064245329463, 7.684453063580561e-5
17.02988837793596, 0.000402428473988285
17.084647853260098, -0.0005553561641618957
17.139343845370565, 0.00038286132832364303
17.193977517161937, 0.00028009328786127646
17.248550020624563, 0.00033983772138732553
17.303062497108694, -0.00016857463005807502
17.357516077583018, -0.00019578484046239037
17.411911882887853, -0.0001004977618495198
17.4662510239831, -0.00026241028208087356
17.520534602191095, 0.0007296207549130953
17.574763709434656, 0.0004270161942196646
17.628939428470343, -0.00011560390520229624
17.68306283311712, 0.00037016019190748434
17.73713498848064, 0.00013427452716758469
17.791156951173186, 4.885034219651658e-5
17.845129769529454, -0.0002480263907515316
17.899054483818336, 0.0001044868231213471
17.95293212645082, -0.00038549656416173803
18.006763722184072, -5.955149479773492e-5
18.06055028832192, -0.00044547347976857203
18.11429283491176, 0.00025670662890169433
18.16799236493812, -0.0004334588289016427
18.221649874512842, 5.291272138711065e-5
18.275266353062126, 0.0001069218277457373
18.328842783510456, -0.0008670765606938404
18.38238014246155, -2.745973757235448e-5
18.435879400376425, -7.46218716761127e-5
18.489341521748674, -4.804449710991258e-5
18.54276746527702, -0.00018571773179196826
18.59615818403533, 0.00031308151445093855
18.64951462564002, 0.00030395587167619874
18.70283773241514, 0.00019621513757229223
18.756128441555028, -0.0004922392982661479
18.809387685284754, -8.420555606934824e-5
18.86261639101837, -0.0006665766300578582
18.91581548151508, -0.0005524498497109243
18.96898587503334, -5.967033179218335e-5
19.022128485483073, -0.00011482396531788994
19.075244222575993, -8.378097341048456e-5
19.128333991974074, -5.329755375730598e-5
19.181398695436375, 0.000616885405780366
19.234439230964153, 8.425626705210961e-5
19.287456492944383, 0.0002508374658958082
19.340451372291785, 0.00040299612254332404
19.393424756589354, 0.0003664018277455692
19.446377530227497, 0.0005991717710980239
19.499310574541862, -0.00041445471676315157
19.552224767949877, -0.0002478585190752442
19.60512098608605, 0.00027243637803455183
19.65800010193618, -8.084927630062878e-5
19.710862985970408, 0.00039591320693645627
19.763710506275263, -4.5554689017444294e-5
19.816543528684736, -0.00059634742774592
19.869362916910408, 1.059232947970955e-5
19.922169532670715, -4.70591445088762e-6
19.974964235819414, 0.00026094610982661
20.02774788447328, 0.00033287941156062923
20.080521335139085, 0.0001792543294797358
20.133285442839945, -0.00028164976069375297
20.186041061241042, -0.00031698876763014644
20.238789042774812, -0.0004299681364162034
20.29153023876564, 0.000282536945664606
20.344265499554098, 0.00020451122890188542
20.39699567462077, 0.00013445682080911504
20.449721612709762, 6.549502080946606e-5
20.5024441619519, -0.00029108287976890233
20.555164169987677, -2.0553923699614767e-5
20.607882484090016, 0.0002439270369941159
20.660599951286862, -0.0009261702751447362
20.713317418483708, -0.00023470568670553668
20.766035732586047, -0.00027728798150298086
20.818755740621825, -0.00043043656184963276
20.871478289863965, 0.00020527040115603736
20.924204227952956, 0.0005315500601155223
20.976934403019627, -5.0789862427735134e-5
21.029669663808082, 0.0005837333456645968
21.082410859798916, 3.2994256647235314e-5
21.135158841332686, -0.0002652098739887761
21.18791445973378, 0.00017043731676295013
21.24067856743464, -1.48601317920559e-5
21.293452018100446, 0.00038087282774546384
21.34623566675431, 0.0005066404416184257
21.399030369903013, -0.0004327856115608214
21.45183698566332, 6.308424508660919e-5
21.504656373888988, 3.5516946820821416e-5
21.55748939629846, 1.9784890173197337e-5
21.610336916603323, -0.0004183780682082668
21.663199800637546, 0.0006708460543352809
21.716078916487678, 6.24935213873234e-5
21.768975134623854, 0.00031299613641605766
21.821889328031865, -0.0003220624150288387
21.87482237234623, -0.0006983193757225784
21.927775145984373, 4.293964393050877e-5
21.98074853028194, 6.677857572241198e-5
22.03374340962934, -0.00022498009017334785
22.08676067160958, -0.00011165459421978245
22.139801207137353, 4.268120231200269e-5
22.192865910599657, 6.228930635831666e-5
22.245955679997735, -0.0003679704150289737
22.29907141709065, -0.00026652631098251725
22.35221402754039, 8.509331791897353e-5
22.405384421058653, 0.0002509614947976589
22.458583511555357, -0.0004698119884394797
22.511812217288973, 0.00016333421040447128
22.565071461018697, 0.0008994711248554124
22.618362170158587, -0.0005990172219654745
22.671685276933705, -0.0003310005722545168
22.7250417185384, -0.0007442775641619679
22.778432437296704, 0.00017458334335236628
22.831858380825054, -0.00025235932601162423
22.885320502197303, -0.00045575749479776563
22.938819760112178, -0.0004273710289017649
22.992357119063275, -0.00017852059421954013
23.045933549511602, 0.00019938220115621374
23.099550028060886, -0.000344524337572361
23.15320753763561, 0.0006839313919074036
23.20690706766197, 0.00016506080809228476
23.260649614251815, 0.0005005261052022479
23.314436180389652, 0.0005471973156067152
23.368267776122906, -0.00016910651213884438
23.42214541875539, -4.412864508670826e-5
23.476070133044278, 0.0003583762924854746
23.530042951400542, -0.00014989068554937114
23.584064914093084, 0.0007189358092485733
23.638137069456604, -7.276201502905942e-5
23.692260474103385, -9.134789017344021e-5
23.74643619313907, 0.0005814125630057024
23.800665300382633, -0.00020305927976895172
23.854948878590626, 0.00016818749017343565
23.909288019685867, -3.2799326011786274e-5
23.96368382499071, -0.0006902038473989728
24.018137405465033, -0.0003870847109827159
24.07264988194916, -3.716225895952232e-5
24.12722238541179, 0.00010132898959513722
24.181856057203163, -0.00026751565780352613
24.236552049313627, -7.185977687879669e-5
24.291311524637763, 0.00018154972947968126
24.34613565724426, -0.00020630652947970665
24.401025632651763, 0.00024256387283227014
24.455982648110794, -0.0003642662774566225
24.511007912892133, 0.00046990654219654875
24.56610264858163, -0.0005431546046241609
24.621268089381896, 0.00013117092023106768
24.676505482420943, 0.00024812440578033117
24.731816088068058, -0.00011735357803474363
24.787201180257224, 0.0002729797976877994
24.842662046818166, -0.0006382928485550686
24.89819998981553, 0.0004422734797688479
24.95381632589621, -0.0003143397410405881
25.00951238664527, -0.00015689456878624042
25.065289518950763, 0.00030126184855491724
25.12114908537761, 0.00035690006011554855
25.17709246455098, -4.217298266040689e-6
25.233121051549478, -0.0005714914589595503
25.289236258308442, 0.00013315826705170226
25.345439514033718, 9.21566196531315e-5
25.401732265626315, -0.0005404132774568411
25.45811597811827, 0.00010942778843905578
25.514592135120136, -0.0002238246023121749
25.571162239280564, -7.626073988394189e-6
25.62782781275832, -0.00015451148323703453
25.684590397707215, -0.00031026928554911734
25.74145155677449, 4.526734913279975e-5
25.798412873612996, 1.7935417340884162e-5
25.855475953407826, -0.00010880827514435597
25.91264242341783, -8.580870173421231e-5
25.96991393353258, 4.685664971074156e-5
26.027292156845412, 5.749602196534878e-5
26.084778790243043, 0.000412899397687768
26.142375555012496, -0.0003244155028902076
26.200084197465916, 0.0004022069526011416
26.257906489583977, 0.0003875790416182139
26.315844229678575, 0.00022509079653171865
26.373899243075602, 0.0007515098369944989
26.432073382818484, 0.0003057453491327735
26.49036853039338, 0.00039637932485544157
26.54878659647688, -0.00012060198150310768
26.607329521706983, 0.000578275497109876
26.665999277478466, -0.0002743966658961538
26.724797866763403, 0.0001362549514450807
26.783727324958065, 0.00020477370867050729
26.842789720757096, 0.00020008195491320597
26.901987157056137, 0.00038537767283215317
26.96132177188409, 2.598172023116867e-5
27.020795739366267, -0.000653343611560672
27.08041127071957, 0.00013456873526016685
27.14017061528125, -0.00018219819537578497
27.200076061572503, -9.796007283269263e-5
27.260129938398475, 7.679607283241637e-5
27.320334615986162, 0.0004660979895951856
27.380692507161942, 0.00011657358381500735
27.44120606857032, 0.0003754392080924699
27.50187780193588, 0.0002596965907514878
27.562710255370227, 0.00031908855144501707
27.62370602472587, -0.00011809890520229587
27.684867754999306, 0.00017085613063583276
27.74619814178549, -9.839676994241975e-5
27.807699932785884, -0.00025410611445111334
27.869375929372783, -0.0006058336196535401
27.93122898821234, -0.0003054886924855917
27.993262022949132, -0.0003513395815025594
28.055478005955134, -0.0004628023364160488
28.11787997014617, -8.763625317943618e-5
28.180471010869038, -0.0005067374115607277
28.24325428786284, -8.958379537581439e-5
28.306233027297964, -0.00029433705202318295
28.36941052389669, -0.0001540592104047134
28.432790143139417, -0.0001092017063583542
28.496375323560716, 0.000351337219653108
28.560169579139934, 0.0003713329861270521
28.624176501790988, -0.0005532609410404541
28.688399763956543, 0.00025642338150275363
28.752843121311958, 0.0004893992705200804
28.817510415584866, -0.00020576541734122568
28.88240557749628, -0.0003825089098268402
28.947532629829972, 0.0007618705768785373
29.012895690636913, 5.382534335256508e-5
29.07849897658204, 0.0002603184658958326
29.144346806441483, 4.986799999989848e-6
29.21044360475825, -0.0001877108473990355
29.276793905665553, 0.00010359093063557966
29.343402356887104, 6.374130982658034e-5
29.410273723924604, 0.0005787762277455863
29.477412894443244, -3.753319190746542e-5
29.544824882866827, -0.0001911738497108238
29.612514835194816, -0.00016826657687882865
29.680488034054715, 0.00041510422774549484
29.748749904003883, -0.0004288409156070666
29.817306017096055, -0.0003263197791907279
29.886162098728935, -0.00024759950057796584
29.955324033790458, -0.0005022666023121846
30.024797873122456, -0.0004357323075145634
30.09458984032219, -0.0006023977306358564
30.16470633890346, -0.00011645768554910522
30.235153959840904, -2.772856300592323e-5
30.305939489522753, 0.0003131928520232181
30.377069918139604, 4.200971560685311e-5
30.448552448538532, -0.00033188261965329746
30.52039450557475, 0.00030733407283226554
30.592603745995255, 0.000372362714450638
30.665188068891982, 0.0007625201421964041
30.738155626765142, 0.0006007068450865309
30.81151483724072, 0.0003758251398842347
30.885274395490253, -0.00045135879537569544
30.959443287404778, -0.0005592962450867623
31.034030803579835, 0.00020268483121394808
31.10904655417339, 3.818385664715969e-5
31.18450048470413, -0.0005373189005779713
31.260402892863922, 0.0005763181479768203
31.336764446425143, 1.1277661271652374e-5
31.413596202331348, 0.0006336039248554601
31.490909627068103, 0.0006094021364161034
31.568716618420602, -9.941380693649902e-5
31.647029528735132, 9.666838728321746e-5
31.725861189813298, -0.0004073891075142915
31.805224939581468, -0.00023836771213886493
31.885134650692276, 0.0003406003549134016
31.965604761232353, 0.0005759702901735111
32.046650307728605, 0.000316440101734102
32.12828696066704, -7.751491791912766e-5
32.210531062761746, -0.00019969780809244288
32.29339967023871, -0.0002565688092487029
32.376910597429934, -0.00038671089364162095
32.46108246500782, 3.39668739884282e-5
32.54593475222992, -0.0003395856797688383
32.6314878536087, 0.00024119263236980573
32.7177631404733, 0.000322520402312198
32.804783027949284, 0.0002380521052022487
32.8925710479504, -0.0002191547699420919
32.98115192885528, -0.000173548477456837
33.070551682632654, 0.00010995620924861068
33.16079770028365, -0.0002480990774568413
33.2519188565926, -0.00030755853294795534
33.34394562531992, -0.000512780791907461
33.43691020613783, -0.0003752633144508938
33.5308466648055, -0.0001045670635839621
33.62579108831076, -0.00019006739653187692
33.721781756978636, -8.122309364165918e-5
33.81885933587021, 0.00037573226242783005
33.9170670881816, -0.0002878644739883753
34.016451113813794, -0.0001379319919076129
34.11706061683921, -0.0004379982867050571
34.21894820626043, 0.0002038293583813506
34.3221702352692, -0.0005626571398846925
34.42678718520495, -0.0002494299364162125
34.53286410162765, 0.000601774647398766
34.64047109141819, 0.0004524876924854966
34.749683891679915, 0.0004136354947976087
34.860584523537206, -0.0006963429895955852
34.97326204684713, 0.0005087777768786321
35.08781343553923, -0.00020035718034698707
35.204344598018906, -0.000774101034681959
35.322971573145765, 5.260240462382155e-6
35.44382194018672, -0.0003047883618496336
35.56703649148499, 0.00016303884855479612
35.692771230280385, 0.00010340459884373998
35.82119977445499, -0.0003138655468207261
35.952516271829616, -6.112925780358558e-5
36.08693896675638, 0.00011036752369945343
36.22471460526638, -0.0003379052323700345
36.366123933234185, 0.0004273848196528411
36.51148863871079, 0.00045887373872845937
36.661180231349974, -9.869559306343838e-5
36.81563156415005, 0.00029062709132945616
36.975352028212725, -6.604253294828842e-5
37.14094796365155, -0.00022933610057820341
37.313150661271685, 9.292732947956814e-5
37.492855726414525, 0.0002596279421966165
37.68118001901237, 0.0005255528300578631
37.87954686256844, -1.842408786131912e-5
38.089818904743765, -0.0006204615306360162
38.31451607980768, -3.9317477456637835e-5
38.557197088386616, 0.00040419891445092225
38.82318676660462, 0.00028643779884373054
39.12113954038974, 0.00023275347514442433
39.467076297804525, -2.7627609248770904e-5
39.8989405750888, -0.00024030140924870795
40.73219631453011, 7.786675953741621e-5
